{"train_loss": 0.0005583528505440661, "test_loss": 0.00015327255936618174, "train_stats": null, "test_stats": null}