{"train_loss": 0.00013346748316977143, "test_loss": 0.00020849323913051668, "train_stats": null, "test_stats": null}