{"train_loss": 0.00023118401695809533, "test_loss": 0.0002117201392335449, "train_stats": null, "test_stats": null}