{"train_loss": 0.00013184789246704253, "test_loss": 0.00019976438757247147, "train_stats": null, "test_stats": null}