{"train_loss": 0.00028407856757604004, "test_loss": 0.0002088069787912796, "train_stats": null, "test_stats": null}