{"train_loss": 8.767573435822938e-05, "test_loss": 0.00019367968045969492, "train_stats": null, "test_stats": null}