{"train_loss": 0.00019303280215106727, "test_loss": 0.00015929301043958794, "train_stats": null, "test_stats": null}