{"train_loss": 0.00013209618767796969, "test_loss": 0.00017113044448970546, "train_stats": null, "test_stats": null}