{"train_loss": 0.00010777682909007418, "test_loss": 0.00015570433310790218, "train_stats": null, "test_stats": null}