{"train_loss": 0.00036294072339245934, "test_loss": 0.00014007292817374005, "train_stats": null, "test_stats": null}