{"train_loss": 0.00035262443979314917, "test_loss": 0.00017647936659221858, "train_stats": null, "test_stats": null}