{"train_loss": 0.00010897183307844263, "test_loss": 0.00017852144767559, "train_stats": null, "test_stats": null}