{"train_loss": 0.00015749809905195474, "test_loss": 0.00016876579134855103, "train_stats": null, "test_stats": null}