{"train_loss": 0.00012107506280948578, "test_loss": 0.00015465185962388028, "train_stats": null, "test_stats": null}