{"train_loss": 0.0001904973758002222, "test_loss": 0.00015500955064024394, "train_stats": null, "test_stats": null}