{"train_loss": 0.00011943218008318185, "test_loss": 0.00017265215837312378, "train_stats": null, "test_stats": null}