{"train_loss": 0.00013124991455410736, "test_loss": 0.00016013919339161919, "train_stats": null, "test_stats": null}