{"train_loss": 0.00016247321929713395, "test_loss": 0.00017205256639735617, "train_stats": null, "test_stats": null}