{"train_loss": 7.157847688944208e-05, "test_loss": 0.00016207858557291122, "train_stats": null, "test_stats": null}