{"train_loss": 0.0005111887872146909, "test_loss": 0.0001456661102860536, "train_stats": null, "test_stats": null}