{"train_loss": 9.547242570349021e-05, "test_loss": 0.00012904377780767725, "train_stats": null, "test_stats": null}