{"train_loss": 0.00022618048716300756, "test_loss": 0.00016504562504119575, "train_stats": null, "test_stats": null}