{"train_loss": 0.0001954522387037441, "test_loss": 0.0001562851088483647, "train_stats": null, "test_stats": null}