{"train_loss": 0.00017481978348600632, "test_loss": 0.00015564514621849092, "train_stats": null, "test_stats": null}