{"train_loss": 0.000337464915834065, "test_loss": 0.00026539715752059445, "train_stats": null, "test_stats": null}