{"train_loss": 0.00021276477429968955, "test_loss": 0.00015244593687368784, "train_stats": null, "test_stats": null}