{"train_loss": 8.989086179065339e-05, "test_loss": 0.00015732716319313557, "train_stats": null, "test_stats": null}