{"train_loss": 0.0001283729465114173, "test_loss": 0.00014589343568407938, "train_stats": null, "test_stats": null}