{"train_loss": 0.00039867648816623014, "test_loss": 0.0003313284596796031, "train_stats": null, "test_stats": null}