{"train_loss": 0.00014834912656875291, "test_loss": 0.00016572553706617628, "train_stats": null, "test_stats": null}