{"train_loss": 0.0001787672887660859, "test_loss": 0.0001355225727143629, "train_stats": null, "test_stats": null}