{"train_loss": 0.00010267409543111578, "test_loss": 0.0001572831837536015, "train_stats": null, "test_stats": null}