{"train_loss": 0.00036068175544450834, "test_loss": 0.00014254828817992848, "train_stats": null, "test_stats": null}