{"train_loss": 7.897096204097055e-05, "test_loss": 0.00014070516772195872, "train_stats": null, "test_stats": null}