{"train_loss": 9.896401201826562e-05, "test_loss": 0.00015243525093707055, "train_stats": null, "test_stats": null}