{"train_loss": 0.00015665555489148206, "test_loss": 0.0001317053062076532, "train_stats": null, "test_stats": null}