{"train_loss": 9.919462544783466e-05, "test_loss": 0.00012263026400392707, "train_stats": null, "test_stats": null}