{"train_loss": 8.970884806412065e-05, "test_loss": 0.00015875101861100062, "train_stats": null, "test_stats": null}