{"train_loss": 0.00027515402717768925, "test_loss": 0.00018330610739041584, "train_stats": null, "test_stats": null}