{"train_loss": 7.598187873864929e-05, "test_loss": 0.00017578091917126582, "train_stats": null, "test_stats": null}