{"train_loss": 0.0001758046217539634, "test_loss": 0.00015143915594913076, "train_stats": null, "test_stats": null}