{"train_loss": 8.61798489364779e-05, "test_loss": 0.00018638670424296343, "train_stats": null, "test_stats": null}