{"train_loss": 0.00027772031545977117, "test_loss": 0.00013247526936473205, "train_stats": null, "test_stats": null}