{"train_loss": 0.0004690544572069253, "test_loss": 0.0002371068634875465, "train_stats": null, "test_stats": null}