{"train_loss": 0.0006080791260513976, "test_loss": 0.00023001843659894162, "train_stats": null, "test_stats": null}