{"train_loss": 0.0003388722019815254, "test_loss": 0.0002848464889338986, "train_stats": null, "test_stats": null}