{"train_loss": 0.00039492521818476997, "test_loss": 0.00018936889499325858, "train_stats": null, "test_stats": null}