{"train_loss": 0.00013125290444367203, "test_loss": 0.0001590962684449163, "train_stats": null, "test_stats": null}