{"train_loss": 8.393868034981173e-05, "test_loss": 0.00022062118742856526, "train_stats": null, "test_stats": null}