{"train_loss": 0.0003526597137711594, "test_loss": 0.0002950637608724454, "train_stats": null, "test_stats": null}