{"train_loss": 0.0006020566598096096, "test_loss": 0.0006339267185950845, "train_stats": null, "test_stats": null}