{"train_loss": 0.0004029709550128712, "test_loss": 0.00016001715465950215, "train_stats": null, "test_stats": null}