{"train_loss": 0.0007389003441927542, "test_loss": 0.00020160575278461052, "train_stats": null, "test_stats": null}