{"train_loss": 0.0008395347414420834, "test_loss": 0.0001780136059098848, "train_stats": null, "test_stats": null}