{"train_loss": 8.322434870084001e-05, "test_loss": 0.00019448469236552123, "train_stats": null, "test_stats": null}