{"train_loss": 0.0007019448612498312, "test_loss": 0.0002249033272830446, "train_stats": null, "test_stats": null}