{"train_loss": 0.0008061223336237426, "test_loss": 0.000290654077834924, "train_stats": null, "test_stats": null}