{"train_loss": 0.00030434639064394643, "test_loss": 0.00014298144072504566, "train_stats": null, "test_stats": null}