{"train_loss": 5.752984247878227e-05, "test_loss": 0.00015852269623334298, "train_stats": null, "test_stats": null}