{"train_loss": 7.45446936955421e-05, "test_loss": 0.0001781810563621337, "train_stats": null, "test_stats": null}