{"train_loss": 0.00016037149490449073, "test_loss": 0.00022785819236624736, "train_stats": null, "test_stats": null}