{"train_loss": 0.00039395640438110894, "test_loss": 0.00014077956206124718, "train_stats": null, "test_stats": null}