{"train_loss": 0.00036119628520375074, "test_loss": 0.00023406877166803517, "train_stats": null, "test_stats": null}