{"train_loss": 5.4065170769133065e-05, "test_loss": 0.00018510910994967906, "train_stats": null, "test_stats": null}