{"train_loss": 0.00019673627869184565, "test_loss": 0.0001595952497296681, "train_stats": null, "test_stats": null}