{"train_loss": 0.00039974998169891955, "test_loss": 0.00018300330642166985, "train_stats": null, "test_stats": null}