{"train_loss": 0.0003880223134518468, "test_loss": 0.00015304061416112952, "train_stats": null, "test_stats": null}