{"train_loss": 0.00058049375543858, "test_loss": 0.0006007426868503077, "train_stats": null, "test_stats": null}