{"train_loss": 0.000509589789796267, "test_loss": 0.00016666806195136306, "train_stats": null, "test_stats": null}