{"train_loss": 0.00033756379495337616, "test_loss": 0.0002963225389304246, "train_stats": null, "test_stats": null}