{"train_loss": 0.00020165340403794076, "test_loss": 0.0001686011352476646, "train_stats": null, "test_stats": null}