{"train_loss": 9.228197837812775e-05, "test_loss": 0.00016396186605548743, "train_stats": null, "test_stats": null}