{"train_loss": 5.3269585791767e-05, "test_loss": 0.00018667286548123435, "train_stats": null, "test_stats": null}