{"train_loss": 0.0010834310854692486, "test_loss": 0.004551007650996666, "train_stats": null, "test_stats": null}