{"train_loss": 0.00010853785116803435, "test_loss": 0.00018198401410483153, "train_stats": null, "test_stats": null}