{"train_loss": 0.00012660061388486, "test_loss": 0.00013711741716007156, "train_stats": null, "test_stats": null}