{"train_loss": 0.0002224208186153545, "test_loss": 0.00018498544234943115, "train_stats": null, "test_stats": null}