{"train_loss": 0.0003477624090412796, "test_loss": 0.00029159654655224414, "train_stats": null, "test_stats": null}