{"train_loss": 0.0003367557633009122, "test_loss": 0.00029610457952415143, "train_stats": null, "test_stats": null}