{"train_loss": 0.007420624892692525, "test_loss": 0.00820346861713908, "train_stats": null, "test_stats": null}