{"train_loss": 0.0001293955223368012, "test_loss": 0.00016144591072372655, "train_stats": null, "test_stats": null}