{"train_loss": 0.00035121952764039925, "test_loss": 0.00017410516491374515, "train_stats": null, "test_stats": null}