{"train_loss": 0.0003433531617900021, "test_loss": 0.00022736937746534695, "train_stats": null, "test_stats": null}