{"train_loss": 6.958070435009056e-05, "test_loss": 0.00016128258860967143, "train_stats": null, "test_stats": null}