{"train_loss": 8.879421061144804e-05, "test_loss": 0.00012851811678629878, "train_stats": null, "test_stats": null}