{"train_loss": 0.00028043262681272716, "test_loss": 0.0002073715106669986, "train_stats": null, "test_stats": null}