{"train_loss": 0.0005609484330250289, "test_loss": 0.0001706494930901266, "train_stats": null, "test_stats": null}