{"train_loss": 0.00022898751194644305, "test_loss": 0.0001488653336728233, "train_stats": null, "test_stats": null}