{"train_loss": 0.00012479523569985568, "test_loss": 0.00016952928115900626, "train_stats": null, "test_stats": null}