{"train_loss": 0.00017995888853562415, "test_loss": 0.0001920974035741341, "train_stats": null, "test_stats": null}