{"train_loss": 0.000130723022105429, "test_loss": 0.00021062985073334636, "train_stats": null, "test_stats": null}