{"train_loss": 0.00023829110763230046, "test_loss": 0.00014466858301751594, "train_stats": null, "test_stats": null}