{"train_loss": 6.640213259732488e-05, "test_loss": 0.00025031375437674396, "train_stats": null, "test_stats": null}