{"train_loss": 8.924347791232741e-05, "test_loss": 0.00015073014896926053, "train_stats": null, "test_stats": null}