{"train_loss": 0.0005144680801722861, "test_loss": 0.0004998940687516543, "train_stats": null, "test_stats": null}