{"train_loss": 0.00016907009147607572, "test_loss": 0.00017450076924005196, "train_stats": null, "test_stats": null}