{"train_loss": 0.00010168578575579895, "test_loss": 0.0002140724775699511, "train_stats": null, "test_stats": null}