{"train_loss": 0.00011050989050057078, "test_loss": 0.0001613473220759077, "train_stats": null, "test_stats": null}