{"train_loss": 0.0004061054790854771, "test_loss": 0.0001768911332221345, "train_stats": null, "test_stats": null}