{"train_loss": 0.00016993642037600672, "test_loss": 0.00016616270561375414, "train_stats": null, "test_stats": null}