{"train_loss": 6.828468800659793e-05, "test_loss": 0.0001914390038420546, "train_stats": null, "test_stats": null}