{"train_loss": 0.009596644791927615, "test_loss": 0.00984457266101394, "train_stats": null, "test_stats": null}