{"train_loss": 0.00024171187723693728, "test_loss": 0.00015425736461293843, "train_stats": null, "test_stats": null}