{"train_loss": 7.640004334939425e-05, "test_loss": 0.00016029215253428984, "train_stats": null, "test_stats": null}