{"train_loss": 0.00011627616687921033, "test_loss": 0.00014976862530320222, "train_stats": null, "test_stats": null}