{"train_loss": 0.000356140684298267, "test_loss": 0.00014160485056690975, "train_stats": null, "test_stats": null}