{"train_loss": 0.0004875052336818634, "test_loss": 0.00020632065200914095, "train_stats": null, "test_stats": null}