{"train_loss": 0.00013199136237379393, "test_loss": 0.00014575366194808897, "train_stats": null, "test_stats": null}