{"train_loss": 0.00013494709776928522, "test_loss": 0.00013815412151555045, "train_stats": null, "test_stats": null}