{"train_loss": 0.00018830062443062827, "test_loss": 0.00015541546177006864, "train_stats": null, "test_stats": null}