{"train_loss": 0.00012205741510184976, "test_loss": 0.00020157307712822617, "train_stats": null, "test_stats": null}