{"train_loss": 9.843795942620655e-05, "test_loss": 0.00014251382919378014, "train_stats": null, "test_stats": null}