{"train_loss": 0.00014231496952282432, "test_loss": 0.00016485100338348757, "train_stats": null, "test_stats": null}