{"train_loss": 0.0007759792300682715, "test_loss": 0.0002574954901337089, "train_stats": null, "test_stats": null}