{"train_loss": 0.000364477974552233, "test_loss": 0.00023971437244183676, "train_stats": null, "test_stats": null}