{"train_loss": 0.00021511211756016646, "test_loss": 0.00025708130828552996, "train_stats": null, "test_stats": null}