{"train_loss": 0.0003347437355952093, "test_loss": 0.00031697439628332574, "train_stats": null, "test_stats": null}