{"train_loss": 0.0008463650531659591, "test_loss": 0.004520207382145473, "train_stats": null, "test_stats": null}