{"train_loss": 0.0002475947033181579, "test_loss": 0.00016640353938369304, "train_stats": null, "test_stats": null}