{"train_loss": 0.000504304964024158, "test_loss": 0.00015295210764536222, "train_stats": null, "test_stats": null}