{"train_loss": 0.0005140013886460785, "test_loss": 0.00016322174207753052, "train_stats": null, "test_stats": null}