{"train_loss": 0.0003769790723590549, "test_loss": 0.00014189227558217876, "train_stats": null, "test_stats": null}