{"train_loss": 0.0008062873486523009, "test_loss": 0.00018044827229673422, "train_stats": null, "test_stats": null}