{"train_loss": 0.0002741446091060076, "test_loss": 0.0001793899433126211, "train_stats": null, "test_stats": null}