{"train_loss": 0.00021716763864066042, "test_loss": 0.00017882739404486458, "train_stats": null, "test_stats": null}