{"train_loss": 8.500699476668221e-05, "test_loss": 0.00017716431968322488, "train_stats": null, "test_stats": null}