{"train_loss": 9.485335059227846e-05, "test_loss": 0.00015701979858522976, "train_stats": null, "test_stats": null}