{"train_loss": 0.00010549657357634623, "test_loss": 0.00019408288148995703, "train_stats": null, "test_stats": null}