{"train_loss": 0.00011711247370452374, "test_loss": 0.0001322490392401046, "train_stats": null, "test_stats": null}