{"train_loss": 0.00011696067242010896, "test_loss": 0.0001728105517568863, "train_stats": null, "test_stats": null}