{"train_loss": 0.00016105820646877602, "test_loss": 0.00014073580729317945, "train_stats": null, "test_stats": null}