{"train_loss": 0.00014932970956317224, "test_loss": 0.0001556753083628457, "train_stats": null, "test_stats": null}