{"train_loss": 0.0008146060052874069, "test_loss": 0.00018541318873738978, "train_stats": null, "test_stats": null}