{"train_loss": 0.00032351019419057426, "test_loss": 0.000274508596501866, "train_stats": null, "test_stats": null}