{"train_loss": 0.00010260576469657026, "test_loss": 0.00022341895098893693, "train_stats": null, "test_stats": null}