{"train_loss": 0.0002095203073965743, "test_loss": 0.00018102163387880786, "train_stats": null, "test_stats": null}