{"train_loss": 0.0003171843269455453, "test_loss": 0.0004848452369296853, "train_stats": null, "test_stats": null}