{"train_loss": 6.74115618670948e-05, "test_loss": 0.00015960338002835592, "train_stats": null, "test_stats": null}