{"train_loss": 0.00016602150153275562, "test_loss": 0.00014169113845194703, "train_stats": null, "test_stats": null}