{"train_loss": 0.0005604593005299539, "test_loss": 0.00023858949857779007, "train_stats": null, "test_stats": null}