{"train_loss": 0.0006949552385214443, "test_loss": 0.0003360619504679723, "train_stats": null, "test_stats": null}