{"train_loss": 5.514393860139164e-05, "test_loss": 0.00018055845960900235, "train_stats": null, "test_stats": null}