{"train_loss": 5.7131537677561476e-05, "test_loss": 0.0001595551318309616, "train_stats": null, "test_stats": null}