{"train_loss": 0.00019332798375752737, "test_loss": 0.00015669315435711952, "train_stats": null, "test_stats": null}