{"train_loss": 0.00011785426866494627, "test_loss": 0.00020046328433635688, "train_stats": null, "test_stats": null}