{"train_loss": 0.005774398822327411, "test_loss": 0.0066098721514945905, "train_stats": null, "test_stats": null}