{"train_loss": 0.00013037477275871793, "test_loss": 0.0001410375831983603, "train_stats": null, "test_stats": null}