{"train_loss": 0.00011283643891115406, "test_loss": 0.0001343421628722328, "train_stats": null, "test_stats": null}