{"train_loss": 0.00019803754133968678, "test_loss": 0.00017722354869853608, "train_stats": null, "test_stats": null}