{"train_loss": 0.00010422934191871876, "test_loss": 0.00019355941101537527, "train_stats": null, "test_stats": null}