{"train_loss": 0.00015214942178060317, "test_loss": 0.00018590717108201576, "train_stats": null, "test_stats": null}