{"train_loss": 7.035831079675967e-05, "test_loss": 0.00016176556205244725, "train_stats": null, "test_stats": null}