{"train_loss": 7.173004861304758e-05, "test_loss": 0.00016317460319550118, "train_stats": null, "test_stats": null}