{"train_loss": 7.678660695507736e-05, "test_loss": 0.00016275279655943365, "train_stats": null, "test_stats": null}