{"train_loss": 0.00021847382844733472, "test_loss": 0.00016821350675841248, "train_stats": null, "test_stats": null}