{"train_loss": 0.00011471403356732916, "test_loss": 0.00014305725330296534, "train_stats": null, "test_stats": null}