{"train_loss": 6.427561003823608e-05, "test_loss": 0.00015961318132107455, "train_stats": null, "test_stats": null}