{"train_loss": 0.00016828732271072003, "test_loss": 0.0001490445372511546, "train_stats": null, "test_stats": null}