{"train_loss": 0.00035462688193530395, "test_loss": 0.0003702012291197169, "train_stats": null, "test_stats": null}