{"train_loss": 8.468929380473683e-05, "test_loss": 0.00018970674471075198, "train_stats": null, "test_stats": null}