{"train_loss": 0.00012953440102736715, "test_loss": 0.00012367349787389617, "train_stats": null, "test_stats": null}