{"train_loss": 0.00012012590165071617, "test_loss": 0.00015446302325643007, "train_stats": null, "test_stats": null}