{"train_loss": 0.00010765915957866739, "test_loss": 0.00018429348231706867, "train_stats": null, "test_stats": null}