{"train_loss": 7.821541022912402e-05, "test_loss": 0.00016686917099766152, "train_stats": null, "test_stats": null}