{"train_loss": 0.005056359330743304, "test_loss": 0.006133962741812019, "train_stats": null, "test_stats": null}