{"train_loss": 0.00011888791939961654, "test_loss": 0.0001626906889409601, "train_stats": null, "test_stats": null}