{"train_loss": 9.107991959415727e-05, "test_loss": 0.0001779674640074873, "train_stats": null, "test_stats": null}