{"train_loss": 0.0005576393083603165, "test_loss": 0.0001563753425260294, "train_stats": null, "test_stats": null}