{"train_loss": 0.0010055332309034705, "test_loss": 0.00027050023287107617, "train_stats": null, "test_stats": null}