{"train_loss": 0.00039843272818104714, "test_loss": 0.0001321163566972702, "train_stats": null, "test_stats": null}