{"train_loss": 0.0004460788020213658, "test_loss": 0.00024676967433112467, "train_stats": null, "test_stats": null}