{"train_loss": 0.0005071499951191385, "test_loss": 0.0001671454607333806, "train_stats": null, "test_stats": null}