{"train_loss": 9.156374979444252e-05, "test_loss": 0.0001899043994332556, "train_stats": null, "test_stats": null}