{"train_loss": 0.0007976463662447992, "test_loss": 0.00024100522235163458, "train_stats": null, "test_stats": null}