{"train_loss": 0.00029726503317655634, "test_loss": 0.00021289854107444466, "train_stats": null, "test_stats": null}