{"train_loss": 0.0006118411461975848, "test_loss": 0.00014942591706524944, "train_stats": null, "test_stats": null}