{"train_loss": 0.000133038674776138, "test_loss": 0.0001603869077252144, "train_stats": null, "test_stats": null}