{"train_loss": 0.0009668351929457655, "test_loss": 0.0045209993609495154, "train_stats": null, "test_stats": null}