{"train_loss": 0.00011874643155448666, "test_loss": 0.00014492056610897146, "train_stats": null, "test_stats": null}