{"train_loss": 0.0006965249417409873, "test_loss": 0.00019913432452908287, "train_stats": null, "test_stats": null}