{"train_loss": 0.00016575974621974327, "test_loss": 0.00019997021471956285, "train_stats": null, "test_stats": null}