{"train_loss": 0.00034002083468642074, "test_loss": 0.00015314351369270855, "train_stats": null, "test_stats": null}