{"train_loss": 8.605647959814817e-05, "test_loss": 0.00021419698768819777, "train_stats": null, "test_stats": null}