{"train_loss": 7.71067267040863e-05, "test_loss": 0.0001607590338832898, "train_stats": null, "test_stats": null}