{"train_loss": 0.0006276962058145009, "test_loss": 0.0003710509927732428, "train_stats": null, "test_stats": null}