{"train_loss": 0.0002177116193720193, "test_loss": 0.0001708726901499586, "train_stats": null, "test_stats": null}