{"train_loss": 0.0003782247476967872, "test_loss": 0.00013984911326737564, "train_stats": null, "test_stats": null}