{"train_loss": 6.148340032556487e-05, "test_loss": 0.00015509126084415476, "train_stats": null, "test_stats": null}