{"train_loss": 0.0008056950145758473, "test_loss": 0.00028795866616943217, "train_stats": null, "test_stats": null}