{"train_loss": 0.00016148151660107517, "test_loss": 0.0001407165557569083, "train_stats": null, "test_stats": null}