{"train_loss": 7.566770517450494e-05, "test_loss": 0.00018827284928673533, "train_stats": null, "test_stats": null}