{"train_loss": 0.0001242107402851822, "test_loss": 0.0001718911680327315, "train_stats": null, "test_stats": null}