{"train_loss": 0.00010009161471341391, "test_loss": 0.00017801039029952294, "train_stats": null, "test_stats": null}