{"train_loss": 0.00013896351608449966, "test_loss": 0.00012535926405363518, "train_stats": null, "test_stats": null}