{"train_loss": 0.00010888829534004382, "test_loss": 0.0001748838200481776, "train_stats": null, "test_stats": null}