{"train_loss": 0.0002183605933788778, "test_loss": 0.0001807333382616068, "train_stats": null, "test_stats": null}