{"train_loss": 0.0005666871845027323, "test_loss": 0.0002446655698810796, "train_stats": null, "test_stats": null}