{"train_loss": 0.00430313261410558, "test_loss": 0.005942590492134356, "train_stats": null, "test_stats": null}