{"train_loss": 0.0005187323121806326, "test_loss": 0.00015525538335030867, "train_stats": null, "test_stats": null}