{"train_loss": 0.0003212594904317571, "test_loss": 0.00032867287103151825, "train_stats": null, "test_stats": null}