{"train_loss": 9.527579847178181e-05, "test_loss": 0.00016810990512850115, "train_stats": null, "test_stats": null}