{"train_loss": 0.0013655225869431424, "test_loss": 0.005349578735750442, "train_stats": null, "test_stats": null}