{"train_loss": 0.0007866510081773951, "test_loss": 0.00020210837093872355, "train_stats": null, "test_stats": null}