{"train_loss": 0.00015816191052575403, "test_loss": 0.00014069796419306953, "train_stats": null, "test_stats": null}