{"train_loss": 0.0008014848021452535, "test_loss": 0.00019342928411047037, "train_stats": null, "test_stats": null}