{"train_loss": 0.00011386514009081464, "test_loss": 0.0001753086597490406, "train_stats": null, "test_stats": null}