{"train_loss": 0.00017316461645688422, "test_loss": 0.00018104856637083413, "train_stats": null, "test_stats": null}