{"train_loss": 0.00021030513661016932, "test_loss": 0.00015292951412102944, "train_stats": null, "test_stats": null}