{"train_loss": 0.0003739555885296075, "test_loss": 0.00014972579730493312, "train_stats": null, "test_stats": null}