{"train_loss": 0.000891445428651041, "test_loss": 0.004707098966647307, "train_stats": null, "test_stats": null}