{"train_loss": 0.00039838520349448354, "test_loss": 0.00030927754502193313, "train_stats": null, "test_stats": null}