{"train_loss": 5.253690607518584e-05, "test_loss": 0.00017079904003490238, "train_stats": null, "test_stats": null}