{"train_loss": 8.685546879434443e-05, "test_loss": 0.0001657991731392659, "train_stats": null, "test_stats": null}