{"train_loss": 9.735213679834592e-05, "test_loss": 0.00014220117076444894, "train_stats": null, "test_stats": null}