{"train_loss": 0.00023540712958636142, "test_loss": 0.0001728890603924019, "train_stats": null, "test_stats": null}