{"train_loss": 0.0007678143903734665, "test_loss": 0.0006950583080510233, "train_stats": null, "test_stats": null}