{"train_loss": 0.0001936540496914009, "test_loss": 0.0001588731415949175, "train_stats": null, "test_stats": null}