{"train_loss": 7.620534218886609e-05, "test_loss": 0.0001645112299165637, "train_stats": null, "test_stats": null}