{"train_loss": 0.0009727503087598463, "test_loss": 0.004954973247001912, "train_stats": null, "test_stats": null}