{"train_loss": 9.707383071088941e-05, "test_loss": 0.00016745807703681185, "train_stats": null, "test_stats": null}