{"train_loss": 0.0002655868732866101, "test_loss": 0.00017498246486386305, "train_stats": null, "test_stats": null}