{"train_loss": 0.000445246918440914, "test_loss": 0.0002383958036898805, "train_stats": null, "test_stats": null}