{"train_loss": 0.00010541464836265646, "test_loss": 0.0001540605383664669, "train_stats": null, "test_stats": null}