{"train_loss": 0.0003487904607318212, "test_loss": 0.00017017922762716507, "train_stats": null, "test_stats": null}