{"train_loss": 0.0005592072646780914, "test_loss": 0.00015717684394019429, "train_stats": null, "test_stats": null}