{"train_loss": 8.038412718476601e-05, "test_loss": 0.0001905331284898129, "train_stats": null, "test_stats": null}