{"train_loss": 0.00018029815701555292, "test_loss": 0.00014777302312942779, "train_stats": null, "test_stats": null}