{"train_loss": 0.00010012517538392077, "test_loss": 0.0002456758332133648, "train_stats": null, "test_stats": null}