{"train_loss": 0.0004101934979770082, "test_loss": 0.0002437604247111034, "train_stats": null, "test_stats": null}