{"train_loss": 0.0002997113003486975, "test_loss": 0.00020808547446109476, "train_stats": null, "test_stats": null}