{"train_loss": 0.00019462031033093925, "test_loss": 0.0001497658449938064, "train_stats": null, "test_stats": null}