{"train_loss": 0.0037325994879742956, "test_loss": 0.00558023149440092, "train_stats": null, "test_stats": null}