{"train_loss": 6.529017923051606e-05, "test_loss": 0.000178942046702526, "train_stats": null, "test_stats": null}