{"train_loss": 7.276101740558024e-05, "test_loss": 0.00018841616159832043, "train_stats": null, "test_stats": null}