{"train_loss": 0.0005593196934841939, "test_loss": 0.0002496887464413478, "train_stats": null, "test_stats": null}