{"train_loss": 0.00011372468246980442, "test_loss": 0.00019526565038248357, "train_stats": null, "test_stats": null}