{"train_loss": 0.000275801791791016, "test_loss": 0.0003652581760211286, "train_stats": null, "test_stats": null}