{"train_loss": 0.0002201441576879571, "test_loss": 0.0001562313000321787, "train_stats": null, "test_stats": null}