{"train_loss": 0.0019972400172465366, "test_loss": 0.005427828537180532, "train_stats": null, "test_stats": null}