{"train_loss": 7.372245166907975e-05, "test_loss": 0.00016607133453679115, "train_stats": null, "test_stats": null}