{"train_loss": 0.00021477778743715913, "test_loss": 0.00020735197829139458, "train_stats": null, "test_stats": null}