{"train_loss": 0.00020738344340297994, "test_loss": 0.00017024460702386702, "train_stats": null, "test_stats": null}