{"train_loss": 0.0024898382550065977, "test_loss": 0.005714714414450265, "train_stats": null, "test_stats": null}