{"train_loss": 0.0002830058579095286, "test_loss": 0.00016179899597503045, "train_stats": null, "test_stats": null}