{"train_loss": 0.00014259310763895696, "test_loss": 0.00019211040643524793, "train_stats": null, "test_stats": null}