{"train_loss": 0.00020054329275665024, "test_loss": 0.0001679586029378947, "train_stats": null, "test_stats": null}