{"train_loss": 0.0007625698329267306, "test_loss": 0.00022664461539890034, "train_stats": null, "test_stats": null}