{"train_loss": 0.00023184810838410106, "test_loss": 0.0002725679967114424, "train_stats": null, "test_stats": null}