{"train_loss": 0.0008857491743285172, "test_loss": 0.004498028040333891, "train_stats": null, "test_stats": null}