{"train_loss": 8.110449460330837e-05, "test_loss": 0.0001801093413478091, "train_stats": null, "test_stats": null}