{"train_loss": 0.0004356408847874058, "test_loss": 0.0003620555685203973, "train_stats": null, "test_stats": null}