{"train_loss": 0.0002611673909826655, "test_loss": 0.00015263348138020664, "train_stats": null, "test_stats": null}