{"train_loss": 0.006352493914255388, "test_loss": 0.00718337499397637, "train_stats": null, "test_stats": null}