{"train_loss": 8.944247913874634e-05, "test_loss": 0.00014591267317838388, "train_stats": null, "test_stats": null}