{"train_loss": 0.00020446304917402843, "test_loss": 0.0001822709616932346, "train_stats": null, "test_stats": null}