{"train_loss": 0.00011583464865540494, "test_loss": 0.00013309346694630512, "train_stats": null, "test_stats": null}