{"train_loss": 5.0866582433607613e-05, "test_loss": 0.00017881953054354305, "train_stats": null, "test_stats": null}