{"train_loss": 0.0003133727664569083, "test_loss": 0.0002135101670156276, "train_stats": null, "test_stats": null}