{"train_loss": 0.0004141616525318341, "test_loss": 0.00013338809549046335, "train_stats": null, "test_stats": null}