{"train_loss": 0.0001453113987710423, "test_loss": 0.00021011215150705593, "train_stats": null, "test_stats": null}