{"train_loss": 0.00010286381344236947, "test_loss": 0.0001867040105632543, "train_stats": null, "test_stats": null}