{"train_loss": 0.00010348912588874048, "test_loss": 0.00013752596817962566, "train_stats": null, "test_stats": null}