{"train_loss": 8.782043045564496e-05, "test_loss": 0.0001747203153885561, "train_stats": null, "test_stats": null}