{"train_loss": 6.417045439045672e-05, "test_loss": 0.00015024140427819335, "train_stats": null, "test_stats": null}