{"train_loss": 0.0029123307186897725, "test_loss": 0.005821753875188034, "train_stats": null, "test_stats": null}