{"train_loss": 0.00012823407901893963, "test_loss": 0.000151454124685575, "train_stats": null, "test_stats": null}