{"train_loss": 0.0001870666063027717, "test_loss": 0.00013878655765130218, "train_stats": null, "test_stats": null}