{"train_loss": 0.0004069137123035297, "test_loss": 0.0003654249945848785, "train_stats": null, "test_stats": null}