{"train_loss": 0.00011575104372847659, "test_loss": 0.00013520613699600402, "train_stats": null, "test_stats": null}