{"train_loss": 5.9479743190834195e-05, "test_loss": 0.0001632070541804192, "train_stats": null, "test_stats": null}