{"train_loss": 0.00010545377448302716, "test_loss": 0.00015029174472861787, "train_stats": null, "test_stats": null}