{"train_loss": 9.74271751877575e-05, "test_loss": 0.0002341246306113514, "train_stats": null, "test_stats": null}