{"train_loss": 0.000154699248872947, "test_loss": 0.00026616418590664435, "train_stats": null, "test_stats": null}