{"train_loss": 0.00010901929057647669, "test_loss": 0.0001524350262656042, "train_stats": null, "test_stats": null}