{"train_loss": 8.312935531815407e-05, "test_loss": 0.00016176436848528239, "train_stats": null, "test_stats": null}