{"train_loss": 7.004600731335427e-05, "test_loss": 0.00016364819660455774, "train_stats": null, "test_stats": null}