{"train_loss": 0.00012681505727498563, "test_loss": 0.00021718820742304602, "train_stats": null, "test_stats": null}