{"train_loss": 0.00038093056415855405, "test_loss": 0.00013501533475322345, "train_stats": null, "test_stats": null}