{"train_loss": 0.00017378793564354545, "test_loss": 0.00015051902800074373, "train_stats": null, "test_stats": null}