{"train_loss": 0.010148294558750902, "test_loss": 0.010509285226398662, "train_stats": null, "test_stats": null}