{"train_loss": 0.0002540833235779172, "test_loss": 0.00014129490223714115, "train_stats": null, "test_stats": null}