{"train_loss": 0.00379556913842767, "test_loss": 0.006546997232991997, "train_stats": null, "test_stats": null}