{"train_loss": 8.387779074491315e-05, "test_loss": 0.00012991185218570899, "train_stats": null, "test_stats": null}