{"train_loss": 0.00044380084211573055, "test_loss": 0.00014607791904186945, "train_stats": null, "test_stats": null}