{"train_loss": 0.00036185578541357105, "test_loss": 0.00018778397821796834, "train_stats": null, "test_stats": null}