{"train_loss": 0.00015492116138794018, "test_loss": 0.00015120758987717796, "train_stats": null, "test_stats": null}