{"train_loss": 0.00013191924668541746, "test_loss": 0.00017474396206038732, "train_stats": null, "test_stats": null}