{"train_loss": 0.00041668780686560217, "test_loss": 0.000201530052542424, "train_stats": null, "test_stats": null}