{"train_loss": 0.00025537862884280547, "test_loss": 0.00014278881302660115, "train_stats": null, "test_stats": null}