{"train_loss": 0.0005030759962341055, "test_loss": 0.0002139521659997315, "train_stats": null, "test_stats": null}