{"train_loss": 0.00044523495888265527, "test_loss": 0.0002384671930483068, "train_stats": null, "test_stats": null}