{"train_loss": 0.000278012652751814, "test_loss": 0.00014250838091072165, "train_stats": null, "test_stats": null}