{"train_loss": 6.532789999081047e-05, "test_loss": 0.00014480886226430562, "train_stats": null, "test_stats": null}