{"train_loss": 0.00015570504996212159, "test_loss": 0.00017118689319562083, "train_stats": null, "test_stats": null}