{"train_loss": 6.903157809717749e-05, "test_loss": 0.00016262616610422353, "train_stats": null, "test_stats": null}