{"train_loss": 0.0011369920679476528, "test_loss": 0.004811733960059512, "train_stats": null, "test_stats": null}