{"train_loss": 0.00015488382696169064, "test_loss": 0.00015191211746968825, "train_stats": null, "test_stats": null}