{"train_loss": 0.00020697054749276, "test_loss": 0.00016461467708484194, "train_stats": null, "test_stats": null}