{"train_loss": 0.0004763380969405937, "test_loss": 0.00019068825009534697, "train_stats": null, "test_stats": null}