{"train_loss": 0.00013648309474317404, "test_loss": 0.00011149221116554423, "train_stats": null, "test_stats": null}