{"train_loss": 0.00010250357094313494, "test_loss": 0.00012269685100976056, "train_stats": null, "test_stats": null}