{"train_loss": 0.00016610150067526515, "test_loss": 0.0001584065832111504, "train_stats": null, "test_stats": null}