{"train_loss": 6.954069917979167e-05, "test_loss": 0.00016206530187246447, "train_stats": null, "test_stats": null}