{"train_loss": 6.837838801009015e-05, "test_loss": 0.0001701966396658056, "train_stats": null, "test_stats": null}