{"train_loss": 0.00013924816028990976, "test_loss": 0.00015657993398005595, "train_stats": null, "test_stats": null}