{"train_loss": 0.0004949538884440901, "test_loss": 0.00016001636830937, "train_stats": null, "test_stats": null}