{"train_loss": 0.00010925892966518105, "test_loss": 0.00019714073035653873, "train_stats": null, "test_stats": null}