{"train_loss": 0.0008951149743591084, "test_loss": 0.0007248615959062026, "train_stats": null, "test_stats": null}