{"train_loss": 0.00022531930938367488, "test_loss": 0.00016459723696226808, "train_stats": null, "test_stats": null}