{"train_loss": 9.436625614926622e-05, "test_loss": 0.0001465857748495413, "train_stats": null, "test_stats": null}