{"train_loss": 0.00046107581932366135, "test_loss": 0.0001839092238998115, "train_stats": null, "test_stats": null}