{"train_loss": 0.00011865027357062198, "test_loss": 0.00014896769960966982, "train_stats": null, "test_stats": null}