{"train_loss": 0.00035541408514360947, "test_loss": 0.0001534798609197709, "train_stats": null, "test_stats": null}