{"train_loss": 8.611145101340283e-05, "test_loss": 0.00016796157983482355, "train_stats": null, "test_stats": null}