{"train_loss": 7.47940303286772e-05, "test_loss": 0.0001649699388409759, "train_stats": null, "test_stats": null}