{"train_loss": 6.274479777921034e-05, "test_loss": 0.00016133767524482216, "train_stats": null, "test_stats": null}