{"train_loss": 0.0005590108054177069, "test_loss": 0.00015708019308377253, "train_stats": null, "test_stats": null}