{"train_loss": 0.0007792261381546268, "test_loss": 0.00019279204562212585, "train_stats": null, "test_stats": null}