{"train_loss": 0.0002085252676702149, "test_loss": 0.0001429806543749135, "train_stats": null, "test_stats": null}