{"train_loss": 0.00016768608615410203, "test_loss": 0.00015491558179945151, "train_stats": null, "test_stats": null}