{"train_loss": 7.353767761379161e-05, "test_loss": 0.0001840687827668056, "train_stats": null, "test_stats": null}