{"train_loss": 7.081509201485963e-05, "test_loss": 0.00019819106946163053, "train_stats": null, "test_stats": null}