{"train_loss": 0.00019965017802960798, "test_loss": 0.0001902612058057206, "train_stats": null, "test_stats": null}