{"train_loss": 0.0003294593353504541, "test_loss": 0.000224497767202386, "train_stats": null, "test_stats": null}