{"train_loss": 0.0002538419599836212, "test_loss": 0.00012550181809902145, "train_stats": null, "test_stats": null}