{"train_loss": 8.76435398544899e-05, "test_loss": 0.00016026573959502944, "train_stats": null, "test_stats": null}