{"train_loss": 8.496052829945891e-05, "test_loss": 0.0001659317433463671, "train_stats": null, "test_stats": null}