{"train_loss": 0.0006555331750742816, "test_loss": 0.0005430199813851243, "train_stats": null, "test_stats": null}