{"train_loss": 0.0007550279652778508, "test_loss": 0.00020578335019741324, "train_stats": null, "test_stats": null}