{"train_loss": 8.298840498126055e-05, "test_loss": 0.000130710615416378, "train_stats": null, "test_stats": null}