{"train_loss": 9.5163918372004e-05, "test_loss": 0.0002479159481523392, "train_stats": null, "test_stats": null}