{"train_loss": 7.83023465873089e-05, "test_loss": 0.00017150574413224274, "train_stats": null, "test_stats": null}