{"train_loss": 0.00016333807004941499, "test_loss": 0.00015180369944521748, "train_stats": null, "test_stats": null}