{"train_loss": 7.100714482751495e-05, "test_loss": 0.0001621062201632698, "train_stats": null, "test_stats": null}