{"train_loss": 0.0003777447976340831, "test_loss": 0.00014354807620509604, "train_stats": null, "test_stats": null}