{"train_loss": 0.00026922587123520345, "test_loss": 0.00016056540920521343, "train_stats": null, "test_stats": null}