{"train_loss": 0.0002801255304403614, "test_loss": 0.0003486403510140455, "train_stats": null, "test_stats": null}