{"train_loss": 7.385033943602125e-05, "test_loss": 0.0001789643032196593, "train_stats": null, "test_stats": null}