{"train_loss": 0.0001468805420861725, "test_loss": 0.00022113699098935853, "train_stats": null, "test_stats": null}