{"train_loss": 0.0004932634250407813, "test_loss": 0.0001809745090387452, "train_stats": null, "test_stats": null}