{"train_loss": 0.0002702251438389241, "test_loss": 0.00016403187930118246, "train_stats": null, "test_stats": null}