{"train_loss": 0.00011707896902445816, "test_loss": 0.00020176444104967256, "train_stats": null, "test_stats": null}