{"train_loss": 0.00025002540514762147, "test_loss": 0.00016566434217553472, "train_stats": null, "test_stats": null}