{"train_loss": 7.398036043877574e-05, "test_loss": 0.00017743358843562115, "train_stats": null, "test_stats": null}