{"train_loss": 0.0008394147793549748, "test_loss": 0.004524644431097312, "train_stats": null, "test_stats": null}