{"train_loss": 0.00047102102067430397, "test_loss": 0.00016174046905805155, "train_stats": null, "test_stats": null}