{"train_loss": 7.166718814461571e-05, "test_loss": 0.00016638197092292537, "train_stats": null, "test_stats": null}