{"train_loss": 0.00023235233590214682, "test_loss": 0.0001249207334352927, "train_stats": null, "test_stats": null}