{"train_loss": 0.0004935195029230472, "test_loss": 0.00034936165875669727, "train_stats": null, "test_stats": null}