{"train_loss": 0.00014092957563790676, "test_loss": 0.00014828124402823243, "train_stats": null, "test_stats": null}