{"train_loss": 0.00713913795471838, "test_loss": 0.007656395894629541, "train_stats": null, "test_stats": null}