{"train_loss": 0.00017456436629094754, "test_loss": 0.00016781569784334228, "train_stats": null, "test_stats": null}