{"train_loss": 0.0007523851268644426, "test_loss": 0.00018522811561700063, "train_stats": null, "test_stats": null}