{"train_loss": 0.0006488692823371204, "test_loss": 0.0005218310468919618, "train_stats": null, "test_stats": null}