{"train_loss": 0.00016307856555214235, "test_loss": 0.00017414642021174994, "train_stats": null, "test_stats": null}