{"train_loss": 0.0005678680453056319, "test_loss": 0.0006029924907462676, "train_stats": null, "test_stats": null}