{"train_loss": 0.00030943146491772323, "test_loss": 0.00015809750548331384, "train_stats": null, "test_stats": null}