{"train_loss": 0.00010017439098181122, "test_loss": 0.00015358177751368475, "train_stats": null, "test_stats": null}