{"train_loss": 0.00030281276766476814, "test_loss": 0.00020735885885505092, "train_stats": null, "test_stats": null}