{"train_loss": 8.501227466529549e-05, "test_loss": 0.00016113861632565397, "train_stats": null, "test_stats": null}