{"train_loss": 6.430802290469657e-05, "test_loss": 0.0001627469691432757, "train_stats": null, "test_stats": null}