{"train_loss": 0.00010837794246772136, "test_loss": 0.00018200660762916432, "train_stats": null, "test_stats": null}