{"train_loss": 0.00020068904707340612, "test_loss": 0.00018444739631347123, "train_stats": null, "test_stats": null}