{"train_loss": 0.0005497507031066405, "test_loss": 0.00026848099806743716, "train_stats": null, "test_stats": null}