{"train_loss": 5.895170853715359e-05, "test_loss": 0.0003083927326196598, "train_stats": null, "test_stats": null}