{"train_loss": 0.00010999008644175924, "test_loss": 0.0001390879263394503, "train_stats": null, "test_stats": null}