{"train_loss": 0.0007584193734950773, "test_loss": 0.0005414053237244787, "train_stats": null, "test_stats": null}