{"train_loss": 0.0007953327516261531, "test_loss": 0.00019328354253865556, "train_stats": null, "test_stats": null}