{"train_loss": 0.00014073338513164037, "test_loss": 0.00013348638925698262, "train_stats": null, "test_stats": null}