{"train_loss": 0.0001931985562534505, "test_loss": 0.00015514638960520543, "train_stats": null, "test_stats": null}