{"train_loss": 0.00022344768330854087, "test_loss": 0.00019307886683282913, "train_stats": null, "test_stats": null}