{"train_loss": 5.592712169601284e-05, "test_loss": 0.0003366760899211848, "train_stats": null, "test_stats": null}