{"train_loss": 0.0002447836472229498, "test_loss": 0.00014703476673303474, "train_stats": null, "test_stats": null}