{"train_loss": 0.00014753741074525234, "test_loss": 0.00014271554204464435, "train_stats": null, "test_stats": null}