{"train_loss": 0.00012682999552472075, "test_loss": 0.0001562353581605393, "train_stats": null, "test_stats": null}