{"train_loss": 0.00010919134920254877, "test_loss": 0.0001237549974483073, "train_stats": null, "test_stats": null}