{"train_loss": 0.0001128420267571944, "test_loss": 0.0001127991461481346, "train_stats": null, "test_stats": null}