{"train_loss": 0.00032696796227881295, "test_loss": 0.00016448744282506603, "train_stats": null, "test_stats": null}