{"train_loss": 0.00036716730742808516, "test_loss": 0.00020710763402979426, "train_stats": null, "test_stats": null}