{"train_loss": 8.356800123232148e-05, "test_loss": 0.00016350318521500851, "train_stats": null, "test_stats": null}