{"train_loss": 0.00031185777709659, "test_loss": 0.0002798094950784511, "train_stats": null, "test_stats": null}