{"train_loss": 0.00010531648592099373, "test_loss": 0.00016043726221760558, "train_stats": null, "test_stats": null}