{"train_loss": 0.00010077617624475383, "test_loss": 0.00015639539445439933, "train_stats": null, "test_stats": null}