{"train_loss": 0.00011370092012652262, "test_loss": 0.00017370193579954973, "train_stats": null, "test_stats": null}