{"train_loss": 5.8688066346269906e-05, "test_loss": 0.0001777554443531052, "train_stats": null, "test_stats": null}