{"train_loss": 0.0005448095242669689, "test_loss": 0.00015711560692365276, "train_stats": null, "test_stats": null}