{"train_loss": 0.000431997429999686, "test_loss": 0.0001543190790563459, "train_stats": null, "test_stats": null}