{"train_loss": 0.00010780882202822504, "test_loss": 0.00012498921610662337, "train_stats": null, "test_stats": null}