{"train_loss": 0.0004303220168269949, "test_loss": 0.00013433376577617873, "train_stats": null, "test_stats": null}