{"train_loss": 0.0002388356482680722, "test_loss": 0.00017842774563216383, "train_stats": null, "test_stats": null}