{"train_loss": 0.0003343515337520887, "test_loss": 0.000240820205399112, "train_stats": null, "test_stats": null}