{"train_loss": 4.995842867403592e-05, "test_loss": 0.0001800296110611953, "train_stats": null, "test_stats": null}