{"train_loss": 0.0006127597477735004, "test_loss": 0.00027534645256767636, "train_stats": null, "test_stats": null}