{"train_loss": 0.00027150519730760603, "test_loss": 0.00017027469895838858, "train_stats": null, "test_stats": null}