{"train_loss": 0.00048329555875950596, "test_loss": 0.00044882871584102217, "train_stats": null, "test_stats": null}