{"train_loss": 0.0003711075787431506, "test_loss": 0.00016374890558934008, "train_stats": null, "test_stats": null}