{"train_loss": 9.583494141464095e-05, "test_loss": 0.00014986991000861703, "train_stats": null, "test_stats": null}