{"train_loss": 0.0002820074363605155, "test_loss": 0.00016511775862385427, "train_stats": null, "test_stats": null}