{"train_loss": 0.00037903929663661687, "test_loss": 0.00017504210109620696, "train_stats": null, "test_stats": null}