{"train_loss": 0.0008394076508690148, "test_loss": 0.004524649678161852, "train_stats": null, "test_stats": null}