{"train_loss": 0.0003176417240584994, "test_loss": 0.00013837809088354796, "train_stats": null, "test_stats": null}