{"train_loss": 0.00037386719082090503, "test_loss": 0.0001531942332762325, "train_stats": null, "test_stats": null}