{"train_loss": 0.0007197194075710927, "test_loss": 0.00016581165644761383, "train_stats": null, "test_stats": null}