{"train_loss": 0.00020510474442351974, "test_loss": 0.0001782424057144084, "train_stats": null, "test_stats": null}