{"train_loss": 0.00039361934192456684, "test_loss": 0.00014282476046121394, "train_stats": null, "test_stats": null}