{"train_loss": 0.00023614915970663735, "test_loss": 0.00017148960991256691, "train_stats": null, "test_stats": null}