{"train_loss": 8.733423745873743e-05, "test_loss": 0.00012300137914040394, "train_stats": null, "test_stats": null}