{"train_loss": 7.993814652279014e-05, "test_loss": 0.00017421359698018257, "train_stats": null, "test_stats": null}