{"train_loss": 0.0003125806808821226, "test_loss": 0.00017913289107120652, "train_stats": null, "test_stats": null}