{"train_loss": 0.0002537517033922681, "test_loss": 0.0001652358656053105, "train_stats": null, "test_stats": null}