{"train_loss": 0.00035840896905564796, "test_loss": 0.0003505514907584466, "train_stats": null, "test_stats": null}