{"train_loss": 0.000248323810844585, "test_loss": 0.0002098364796178693, "train_stats": null, "test_stats": null}