{"train_loss": 0.00027633007280263825, "test_loss": 0.00013276265225410115, "train_stats": null, "test_stats": null}