{"train_loss": 0.0002892060602081351, "test_loss": 0.00013226704104134427, "train_stats": null, "test_stats": null}