{"train_loss": 0.0007628852606767597, "test_loss": 0.0002016736035674421, "train_stats": null, "test_stats": null}