{"train_loss": 9.91521399009868e-05, "test_loss": 0.00016914138587238787, "train_stats": null, "test_stats": null}