{"train_loss": 0.00011203898945209318, "test_loss": 0.00017970145030068736, "train_stats": null, "test_stats": null}