{"train_loss": 0.00011574777388670549, "test_loss": 0.00014353362702141772, "train_stats": null, "test_stats": null}