{"train_loss": 7.191648558444191e-05, "test_loss": 0.00015927752215037783, "train_stats": null, "test_stats": null}