{"train_loss": 0.00010513565919181626, "test_loss": 0.00018456603688966002, "train_stats": null, "test_stats": null}