{"train_loss": 0.0002346704073599194, "test_loss": 0.0001659895822069804, "train_stats": null, "test_stats": null}