{"train_loss": 0.00014764976116473695, "test_loss": 0.00019809010772144856, "train_stats": null, "test_stats": null}