{"train_loss": 0.00011691791811914292, "test_loss": 0.00013312324995756045, "train_stats": null, "test_stats": null}