{"train_loss": 0.0001744032705932793, "test_loss": 0.00013312531412665735, "train_stats": null, "test_stats": null}