{"train_loss": 8.61426432882433e-05, "test_loss": 0.00014445258948657315, "train_stats": null, "test_stats": null}