{"train_loss": 0.00028745931521324553, "test_loss": 0.0001424882587725185, "train_stats": null, "test_stats": null}