{"train_loss": 0.00019243863158813955, "test_loss": 0.00016471051350719823, "train_stats": null, "test_stats": null}