{"train_loss": 0.0002489167272216279, "test_loss": 0.00020540612680544553, "train_stats": null, "test_stats": null}