{"train_loss": 0.0001398247610523619, "test_loss": 0.00014650409272956377, "train_stats": null, "test_stats": null}