{"train_loss": 0.0005573774074721569, "test_loss": 0.0005064482971031602, "train_stats": null, "test_stats": null}