{"train_loss": 0.0007316090001743648, "test_loss": 0.00019771869770367212, "train_stats": null, "test_stats": null}