{"train_loss": 9.610378511752011e-05, "test_loss": 0.00017878227720603224, "train_stats": null, "test_stats": null}