{"train_loss": 0.0007244152433718876, "test_loss": 0.004591770455702099, "train_stats": null, "test_stats": null}