{"train_loss": 5.804427145523036e-05, "test_loss": 0.00017138054595763045, "train_stats": null, "test_stats": null}