{"train_loss": 0.0003291413992286553, "test_loss": 0.0002695409699616478, "train_stats": null, "test_stats": null}