{"train_loss": 0.000393543463678536, "test_loss": 0.00017593556334993395, "train_stats": null, "test_stats": null}