{"train_loss": 7.812940891130863e-05, "test_loss": 0.00017904080385394458, "train_stats": null, "test_stats": null}