{"train_loss": 0.0004451620369319243, "test_loss": 0.0002390524622180959, "train_stats": null, "test_stats": null}