{"train_loss": 0.0003453183366944368, "test_loss": 0.00030311814868856857, "train_stats": null, "test_stats": null}