{"train_loss": 8.426139245625221e-05, "test_loss": 0.000163121594771414, "train_stats": null, "test_stats": null}