{"train_loss": 0.00012450311117148978, "test_loss": 0.000163375698199833, "train_stats": null, "test_stats": null}