{"train_loss": 0.0001527537602076684, "test_loss": 0.00016048277223150402, "train_stats": null, "test_stats": null}