{"train_loss": 0.0002636955609723199, "test_loss": 0.0001246596090235509, "train_stats": null, "test_stats": null}