{"train_loss": 0.00013912782563349775, "test_loss": 0.00015825938127480446, "train_stats": null, "test_stats": null}