{"train_loss": 0.0003931309708994933, "test_loss": 0.0002231991942109331, "train_stats": null, "test_stats": null}