{"train_loss": 0.0003000564478249613, "test_loss": 0.00020678906393250526, "train_stats": null, "test_stats": null}