{"train_loss": 0.00021892345408703833, "test_loss": 0.00016318072549295867, "train_stats": null, "test_stats": null}