{"train_loss": 8.115980196121075e-05, "test_loss": 0.00015506883582342172, "train_stats": null, "test_stats": null}