{"train_loss": 0.00018362972264913277, "test_loss": 0.0003199966768483941, "train_stats": null, "test_stats": null}