{"train_loss": 0.0004048651340377552, "test_loss": 0.0003609789709376782, "train_stats": null, "test_stats": null}