{"train_loss": 0.00083942122893751, "test_loss": 0.004524637216383569, "train_stats": null, "test_stats": null}