{"train_loss": 9.688422468051829e-05, "test_loss": 0.00016501693730333876, "train_stats": null, "test_stats": null}