{"train_loss": 0.00016877970265138966, "test_loss": 0.00014075188534498867, "train_stats": null, "test_stats": null}