{"train_loss": 5.5289648125794494e-05, "test_loss": 0.00034411819182369275, "train_stats": null, "test_stats": null}