{"train_loss": 7.384452762821576e-05, "test_loss": 0.00015076869416770272, "train_stats": null, "test_stats": null}