{"train_loss": 0.00022094164074128273, "test_loss": 0.00019044133615385054, "train_stats": null, "test_stats": null}