{"train_loss": 7.366006152035468e-05, "test_loss": 0.00016948716930103607, "train_stats": null, "test_stats": null}