{"train_loss": 0.0001259457048912252, "test_loss": 0.0001439040681434956, "train_stats": null, "test_stats": null}