{"train_loss": 9.991293801718182e-05, "test_loss": 0.0001426960096690403, "train_stats": null, "test_stats": null}