{"train_loss": 0.00041482148868430207, "test_loss": 0.00020992714859649998, "train_stats": null, "test_stats": null}