{"train_loss": 9.750691677423712e-05, "test_loss": 0.00016152910937610178, "train_stats": null, "test_stats": null}