{"train_loss": 0.0001995173015143479, "test_loss": 0.00017183676945394639, "train_stats": null, "test_stats": null}