{"train_loss": 4.990753896195102e-05, "test_loss": 0.00017748304424214698, "train_stats": null, "test_stats": null}