{"train_loss": 0.00034864179491211845, "test_loss": 0.00031153639194441286, "train_stats": null, "test_stats": null}