{"train_loss": 0.000344322580290429, "test_loss": 0.00014251023445031888, "train_stats": null, "test_stats": null}