{"train_loss": 0.0003496364315073006, "test_loss": 0.0002103475931618029, "train_stats": null, "test_stats": null}