{"train_loss": 0.0003820059837624237, "test_loss": 0.0001757979661187736, "train_stats": null, "test_stats": null}