{"train_loss": 0.00019597268105358632, "test_loss": 0.00015852704924300312, "train_stats": null, "test_stats": null}