{"train_loss": 9.60983428466271e-05, "test_loss": 0.00015663942979273341, "train_stats": null, "test_stats": null}