{"train_loss": 9.694102138415887e-05, "test_loss": 0.00021375070590426692, "train_stats": null, "test_stats": null}