{"train_loss": 0.00021374366638278206, "test_loss": 0.00017955993536083288, "train_stats": null, "test_stats": null}