{"train_loss": 0.0003234741363463861, "test_loss": 0.00019441213752386334, "train_stats": null, "test_stats": null}