{"train_loss": 0.0003354104473738672, "test_loss": 0.00015092948872776163, "train_stats": null, "test_stats": null}