{"train_loss": 5.0322926446808196e-05, "test_loss": 0.00017649507955289502, "train_stats": null, "test_stats": null}