{"train_loss": 0.0001345192748074184, "test_loss": 0.00018077144815908299, "train_stats": null, "test_stats": null}