{"train_loss": 0.0007209531681429194, "test_loss": 0.00027167568589898033, "train_stats": null, "test_stats": null}