{"train_loss": 9.539625630716464e-05, "test_loss": 0.00020891132464542314, "train_stats": null, "test_stats": null}