{"train_loss": 0.00029259343711358893, "test_loss": 0.00013846829647727938, "train_stats": null, "test_stats": null}