{"train_loss": 0.0003258779403678558, "test_loss": 0.00014042418796938002, "train_stats": null, "test_stats": null}