{"train_loss": 0.00041239531088249436, "test_loss": 0.00013283103663166526, "train_stats": null, "test_stats": null}