{"train_loss": 0.00011273078494844725, "test_loss": 0.00011557223797310994, "train_stats": null, "test_stats": null}