{"train_loss": 9.386992328344178e-05, "test_loss": 0.00020319582296165968, "train_stats": null, "test_stats": null}