{"train_loss": 0.0008061313816790544, "test_loss": 0.00029095266621367627, "train_stats": null, "test_stats": null}