{"train_loss": 0.00022543335071448632, "test_loss": 0.0004132175582454845, "train_stats": null, "test_stats": null}