{"train_loss": 7.412690422075376e-05, "test_loss": 0.00023397212081161341, "train_stats": null, "test_stats": null}