{"train_loss": 0.00024035733408516832, "test_loss": 0.00015479619699903052, "train_stats": null, "test_stats": null}