{"train_loss": 0.00030019013060257594, "test_loss": 0.00031260490135434405, "train_stats": null, "test_stats": null}