{"train_loss": 0.00028187789687555607, "test_loss": 0.00017339302657531293, "train_stats": null, "test_stats": null}