{"train_loss": 0.001603018110525521, "test_loss": 0.00452778709481538, "train_stats": null, "test_stats": null}