{"train_loss": 0.00022553334964262324, "test_loss": 0.0002054975259663418, "train_stats": null, "test_stats": null}