{"train_loss": 0.0001090657962370089, "test_loss": 0.000167702070249246, "train_stats": null, "test_stats": null}