{"train_loss": 0.00014473158415726035, "test_loss": 0.0001925532198534173, "train_stats": null, "test_stats": null}