{"train_loss": 0.000517504688161171, "test_loss": 0.0001799064068458467, "train_stats": null, "test_stats": null}