{"train_loss": 0.0025871444645223646, "test_loss": 0.0063765843826203115, "train_stats": null, "test_stats": null}